ItemMod.Group;ItemMod.Name;ItemMod.RawName;ItemMod.DisplayName
AdditionalBlock;QuarterstaffImplicitAdditionalBlock;QuarterstaffImplicitAdditionalBlock1;
AdditionalSkillSlots;RingImplicitAdditionalSkillSlots;RingImplicitAdditionalSkillSlots1;
AfflictionMapDeliriumStacks;InstilledMapDelirium;InstilledMapDelirium1;
AfflictionMapDeliriumStacks;InstilledMapDelirium;InstilledMapDelirium2;
AfflictionMapDeliriumStacks;InstilledMapDelirium;InstilledMapDelirium3;
AfflictionMapDeliriumStacks;InstilledMapDelirium;InstilledMapDelirium6;
AilmentChance;JewelAilmentChance;JewelAilmentChance;of Ailing
AilmentEffect;JewelAilmentEffect;JewelAilmentEffect;Acrimonious
AilmentThreshold;BodyArmourImplicitIncreasedAilmentThreshold;BodyArmourImplicitIncreasedAilmentThreshold1;
AilmentThreshold;JewelAilmentThreshold;JewelAilmentThreshold;of Enduring
AllAttributes;AllAttributes;AllAttributes1;of the Clouds
AllAttributes;AllAttributes;AllAttributes2;of the Sky
AllAttributes;AllAttributes;AllAttributes3;of the Meteor
AllAttributes;AllAttributes;AllAttributes4;of the Comet
AllAttributes;AllAttributes;AllAttributes5;of the Heavens
AllAttributes;AllAttributes;AllAttributes6;of the Galaxy
AllAttributes;AllAttributes;AllAttributes7;of the Universe
AllAttributes;AllAttributes;AllAttributes8;of the Multiverse
AllAttributes;AllAttributes;AllAttributes9_;of the Infinite
AllAttributes;AmuletImplicitAllAttributes;AmuletImplicitAllAttributes1;
AllDamage;UniqueAllDamage;UniqueAllDamage1;
AllDamage;UniqueNearbyAlliesAllDamage;UniqueNearbyAlliesAllDamage1;
AllResistances;AllResistances;AllResistances1;of the Crystal
AllResistances;AllResistances;AllResistances2;of the Prism
AllResistances;AllResistances;AllResistances3;of the Kaleidoscope
AllResistances;AllResistances;AllResistances4;of Variegation
AllResistances;AllResistances;AllResistances5;of the Rainbow
AllResistances;AllResistances;AllResistances6;of the Span
AllResistances;RingImplicitAllResistances;RingImplicitAllResistances1;
AreaOfEffect;JewelAreaofEffect;JewelAreaofEffect;Blasting
ArmourBreak;CorruptionArmourBreak;CorruptionArmourBreak1;
ArmourBreak;JewelArmourBreak;JewelArmourBreak;Shattering
ArmourBreakDuration;JewelArmourBreakDuration;JewelArmourBreakDuration;Resonating
AttackDamage;JewelAttackDamage;JewelAttackDamage;Combat
AuraEffect;JewelAuraEffect;JewelAuraEffect;Commanding
BaseCurseDuration;JewelCurseDuration;JewelCurseDuration;of Continuation
BaseLocalDefences;LocalBaseEvasionRatingAndEnergyShield;LocalBaseEvasionRatingAndEnergyShield6;Eidolon's
BaseLocalDefences;LocalIncreasedEvasionRating;LocalIncreasedEvasionRating10;Lissome
BaseLocalDefences;LocalIncreasedEvasionRating;LocalIncreasedEvasionRating8;Elusory
BaseLocalDefences;UniqueLocalIncreasedEnergyShield;UniqueLocalIncreasedEnergyShield4;
BaseLocalDefencesAndDefencePercent;LocalIncreasedEvasionAndBase;LocalIncreasedEvasionAndBase5;Caribou's
BaseLocalDefencesAndDefencePercent;LocalIncreasedEvasionAndBase;LocalIncreasedEvasionAndBase6;Antelope's
BaseLocalDefencesAndLife;LocalIncreasedArmourAndLife;LocalIncreasedArmourAndLife5;Octopus'
BaseLocalDefencesAndLife;LocalIncreasedEnergyShieldAndLife;LocalIncreasedEnergyShieldAndLife5;Exarch's
BaseLocalDefencesAndLife;LocalIncreasedEvasionAndLife;LocalIncreasedEvasionAndLife5;Ibex's
BaseLocalDefencesAndMana;LocalIncreasedArmourAndEvasionAndMana;LocalIncreasedArmourAndEvasionAndMana5;Minotaur's
BaseSpirit;AmuletImplicitBaseSpirit;AmuletImplicitBaseSpirit1;
BaseSpirit;IncreasedSpirit;IncreasedSpirit1;Lady's
BaseSpirit;IncreasedSpirit;IncreasedSpirit2;Baronness'
BaseSpirit;IncreasedSpirit;IncreasedSpirit3;Viscountess'
BaseSpirit;IncreasedSpirit;IncreasedSpirit4;Marchioness'
BaseSpirit;IncreasedSpirit;IncreasedSpirit5;Countess'
BaseSpirit;UniqueIncreasedSpirit;UniqueIncreasedSpirit7;
BeltFlaskChargesGained;JewelFlaskChargesGained;JewelFlaskChargesGained;of Gathering
BeltFlaskRecoveryRate;UniqueFlaskManaRecoveryRate;UniqueFlaskManaRecoveryRate3;
BleedChanceIncrease;JewelBleedingChance;JewelBleedingChance;Bleeding
BleedDuration;JewelBleedingDuration;JewelBleedingDuration;of Haemophilia
BleedingDamage;JewelBleedingEffect;JewelBleedingEffect;Haemorrhaging
BlindEffect;JewelBlindEffect;JewelBlindEffect;Stifling
BlindOnHit;JewelBlindonHit;JewelBlindonHit;of Blinding
ChaosResistance;BodyArmourImplicitChaosResistance;BodyArmourImplicitChaosResistance1;
ChaosResistance;ChaosResist;ChaosResist1;of the Lost
ChaosResistance;ChaosResist;ChaosResist2;of Banishment
ChaosResistance;ChaosResist;ChaosResist3;of Eviction
ChaosResistance;ChaosResist;ChaosResist4;of Expulsion
ChaosResistance;ChaosResist;ChaosResist5;of Exile
ChaosResistance;CorruptionJewelChaosResist;CorruptionJewelChaosResist1;
ChaosResistance;RingImplicitChaosResistance;RingImplicitChaosResistance1;
CharmChargesGained;JewelCharmChargesGained;JewelCharmChargesGained;of the Thicker
CharmDamageWhileUsing;JewelCharmDamageWhileUsing;JewelCharmDamageWhileUsing;Verdant
CharmDuration;JewelCharmDuration;JewelCharmDuration;of the Woodland
ChillHitsCauseShattering;UniqueChillHitsCauseShattering;UniqueChillHitsCauseShattering1;
ColdDamage;AddedColdDamage;AddedColdDamage1;Frosted
ColdDamage;AddedColdDamage;AddedColdDamage2;Chilled
ColdDamage;AddedColdDamage;AddedColdDamage3;Icy
ColdDamage;AddedColdDamage;AddedColdDamage4;Frigid
ColdDamage;AddedColdDamage;AddedColdDamage5;Freezing
ColdDamage;AddedColdDamage;AddedColdDamage6;Frozen
ColdDamage;AddedColdDamage;AddedColdDamage7;Glaciated
ColdDamage;AddedColdDamage;AddedColdDamage8;Polar
ColdDamage;AddedColdDamage;AddedColdDamage9;Entombing
ColdDamage;LocalAddedColdDamage;LocalAddedColdDamage8;Polar
ColdDamage;LocalAddedColdDamageTwoHand;LocalAddedColdDamageTwoHand10;Crystalising
ColdDamage;LocalAddedColdDamageTwoHand;LocalAddedColdDamageTwoHand5;Freezing
ColdDamage;LocalAddedColdDamageTwoHand;LocalAddedColdDamageTwoHand7;Glaciated
ColdDamage;LocalAddedColdDamageTwoHand;LocalAddedColdDamageTwoHand8;Polar
ColdDamage;LocalAddedColdDamageTwoHand;LocalAddedColdDamageTwoHand9;Entombing
ColdDamage;SpellDamageGainedAsCold;SpellDamageGainedAsCold4;Malicious
ColdDamage;SpellDamageGainedAsCold;SpellDamageGainedAsCold6;Frostbound
ColdDamagePercentage;ColdDamagePercent;ColdDamagePercent1;Bitter
ColdDamagePercentage;ColdDamagePercent;ColdDamagePercent2;Biting
ColdDamagePercentage;ColdDamagePercent;ColdDamagePercent3;Alpine
ColdDamagePercentage;ColdDamagePercent;ColdDamagePercent4;Snowy
ColdDamagePercentage;ColdDamagePercent;ColdDamagePercent5;Hailing
ColdDamagePercentage;ColdDamagePercent;ColdDamagePercent6;Crystalline
ColdDamagePercentage;JewelColdDamage;JewelColdDamage;Chilling
ColdDamagePercentage;UniqueColdDamagePercent;UniqueColdDamagePercent1;
ColdResistance;ColdResist;ColdResist1;of the Seal
ColdResistance;ColdResist;ColdResist2;of the Penguin
ColdResistance;ColdResist;ColdResist3;of the Narwhal
ColdResistance;ColdResist;ColdResist4;of the Yeti
ColdResistance;ColdResist;ColdResist5;of the Walrus
ColdResistance;ColdResist;ColdResist6;of the Polar Bear
ColdResistance;ColdResist;ColdResist7;of the Ice
ColdResistance;ColdResist;ColdResist8;of Haast
ColdResistance;CorruptionJewelColdResist;CorruptionJewelColdResist1;
ColdResistance;RingImplicitColdResistance;RingImplicitColdResistance1;
ColdResistance;UniqueColdResist;UniqueColdResist20;
ColdResistance;UniqueColdResist;UniqueColdResist21;
ColdResistancePenetration;JewelColdPenetration;JewelColdPenetration;Numbing
ColdResistancePenetration;UniqueColdResistancePenetration;UniqueColdResistancePenetration1;
CorruptedBloodImmunity;CorruptionJewelCorruptedBloodImmunity;CorruptionJewelCorruptedBloodImmunity1;
CriticalAilmentEffect;JewelCriticalAilmentEffect;JewelCriticalAilmentEffect;Rancorous
CriticalStrikeChanceIncrease;CriticalStrikeChance;CriticalStrikeChance1;of Menace
CriticalStrikeChanceIncrease;CriticalStrikeChance;CriticalStrikeChance2;of Havoc
CriticalStrikeChanceIncrease;CriticalStrikeChance;CriticalStrikeChance3;of Disaster
CriticalStrikeChanceIncrease;CriticalStrikeChance;CriticalStrikeChance4;of Calamity
CriticalStrikeChanceIncrease;CriticalStrikeChance;CriticalStrikeChance5;of Ruin
CriticalStrikeChanceIncrease;CriticalStrikeChance;CriticalStrikeChance6;of Unmaking
CriticalStrikeChanceIncrease;JewelAttackCriticalChance;JewelAttackCriticalChance;of Deadliness
CriticalStrikeChanceIncrease;JewelCriticalChance;JewelCriticalChance;of Annihilation
CriticalStrikeChanceIncrease;LocalCriticalStrikeChance;LocalCriticalStrikeChance1;of Menace
CriticalStrikeChanceIncrease;LocalCriticalStrikeChance;LocalCriticalStrikeChance2;of Havoc
CriticalStrikeChanceIncrease;LocalCriticalStrikeChance;LocalCriticalStrikeChance4;of Calamity
CriticalStrikeChanceIncrease;LocalCriticalStrikeChance;LocalCriticalStrikeChance5;of Ruin
CriticalStrikeChanceIncrease;LocalCriticalStrikeChance;LocalCriticalStrikeChance6;of Unmaking
CriticalStrikeChanceIncrease;NearbyAlliesCriticalStrikeChance;NearbyAlliesCriticalStrikeChance5;of Ruin
CriticalStrikeMultiplier;CorruptionLocalCriticalStrikeMultiplier;CorruptionLocalCriticalStrikeMultiplier1;
CriticalStrikeMultiplier;CriticalMultiplier;CriticalMultiplier1;of Ire
CriticalStrikeMultiplier;CriticalMultiplier;CriticalMultiplier2;of Anger
CriticalStrikeMultiplier;CriticalMultiplier;CriticalMultiplier3;of Rage
CriticalStrikeMultiplier;CriticalMultiplier;CriticalMultiplier4;of Fury
CriticalStrikeMultiplier;CriticalMultiplier;CriticalMultiplier5;of Ferocity
CriticalStrikeMultiplier;CriticalMultiplier;CriticalMultiplier6;of Destruction
CriticalStrikeMultiplier;JewelAttackCriticalDamage;JewelAttackCriticalDamage;of Demolishing
CriticalStrikeMultiplier;LocalCriticalMultiplier;LocalCriticalMultiplier1;of Ire
CriticalStrikeMultiplier;LocalCriticalMultiplier;LocalCriticalMultiplier3;of Rage
CriticalStrikeMultiplier;LocalCriticalMultiplier;LocalCriticalMultiplier4;of Fury
CriticalStrikeMultiplier;NearbyAlliesCriticalMultiplier;NearbyAlliesCriticalMultiplier4;of Fury
CrossbowDamage;JewelCrossbowDamage;JewelCrossbowDamage;Bolting
CrossbowReloadSpeed;JewelCrossbowReloadSpeed;JewelCrossbowReloadSpeed;of Reloading
CrossbowSpeed;JewelCrossbowSpeed;JewelCrossbowSpeed;of Rapidity
CurseAreaOfEffect;JewelCurseArea;JewelCurseArea;Expanding
CurseEffectiveness;JewelCurseEffect;JewelCurseEffect;Hexing
CurseEffectiveness;JewelMarkEffect;JewelMarkEffect;Marking
DamageTakenGainedAsLife;DamageTakenGainedAsLife;DamageTakenGainedAsLife1___;of Mending
DamageTakenGainedAsLife;DamageTakenGainedAsLife;DamageTakenGainedAsLife2;of Bandaging
DamageTakenGainedAsLife;DamageTakenGainedAsLife;DamageTakenGainedAsLife3;of Stitching
DamageTakenGainedAsLife;DamageTakenGainedAsLife;DamageTakenGainedAsLife4_;of Suturing
DamageTakenGainedAsLife;JewelLifeRecoup;JewelLifeRecoup;of Infusion
DamageVsRareOrUnique;JewelDamageVsRareOrUnique;JewelDamageVsRareOrUnique;Slaying
DamageWithTriggeredSpells;JewelTriggeredSpellDamage;JewelTriggeredSpellDamage;Triggered
DamagingAilmentDuration;JewelDamagingAilmentDuration;JewelDamagingAilmentDuration;of Suffusion
DazeBuildup;JewelDazeBuildup;JewelDazeBuildup;of Dazing
DebuffTime;JewelDebuffExpiry;JewelDebuffExpiry;of Diminishing
DefencesPercent;LocalIncreasedArmourAndEnergyShield;LocalIncreasedArmourAndEnergyShield7;Inspired
DefencesPercent;LocalIncreasedArmourAndEvasion;LocalIncreasedArmourAndEvasion6;Hero's
DefencesPercent;LocalIncreasedEnergyShieldPercent;LocalIncreasedEnergyShieldPercent6;Indomitable
DefencesPercent;LocalIncreasedEvasionAndEnergyShield;LocalIncreasedEvasionAndEnergyShield5_;Evanescent
DefencesPercent;LocalIncreasedEvasionAndEnergyShield;LocalIncreasedEvasionAndEnergyShield6;Unreal
DefencesPercent;LocalIncreasedEvasionRatingPercent;LocalIncreasedEvasionRatingPercent6;Nightmare's
DefencesPercent;LocalIncreasedEvasionRatingPercent;LocalIncreasedEvasionRatingPercent7;Mirage's
DefencesPercent;LocalIncreasedPhysicalDamageReductionRatingPercent;LocalIncreasedPhysicalDamageReductionRatingPercent7;Impregnable
DefencesPercent;UniqueLocalIncreasedEvasionRatingPercent;UniqueLocalIncreasedEvasionRatingPercent10;
DefencesPercentAndStunThreshold;LocalArmourAndEnergyShieldAndStunThreshold;LocalArmourAndEnergyShieldAndStunThreshold4;Guardian's
DefencesPercentAndStunThreshold;LocalArmourAndEvasionAndStunThreshold;LocalArmourAndEvasionAndStunThreshold5;General's
DeliriumFogPersistence;TowerDeliriumFogPersistence;TowerDeliriumFogPersistence;of the Unending
DeliriumPackSizeIncrease;TowerDeliriumPackSizeIncrease;TowerDeliriumPackSizeIncrease;of Persecution
Dexterity;AmuletImplicitDexterity;AmuletImplicitDexterity1;
Dexterity;CorruptionDexterity;CorruptionDexterity1;
Dexterity;CorruptionJewelDexterity;CorruptionJewelDexterity1;
Dexterity;Dexterity;Dexterity1;of the Mongoose
Dexterity;Dexterity;Dexterity2;of the Lynx
Dexterity;Dexterity;Dexterity3;of the Fox
Dexterity;Dexterity;Dexterity4;of the Falcon
Dexterity;Dexterity;Dexterity5;of the Panther
Dexterity;Dexterity;Dexterity6;of the Leopard
Dexterity;Dexterity;Dexterity7;of the Jaguar
Dexterity;Dexterity;Dexterity8;of the Phantom
Dexterity;Dexterity;Dexterity9;of the Wind
Dexterity;UniqueDexterity;UniqueDexterity16;
Dexterity;UniqueDexterity;UniqueDexterity28;
Dexterity;UniqueDexterity;UniqueDexterity32;
DodgeRoll;UniqueDodgeRollDistance;UniqueDodgeRollDistance1;
ElementalAilmentDuration;JewelElementalAilmentDuration;JewelElementalAilmentDuration;of Suffering
ElementalDamagePercent;JewelElementalDamage;JewelElementalDamage;Prismatic
Energy;JewelEnergy;JewelEnergy;of Generation
EnergyShieldDelay;JewelEnergyShieldDelay;JewelEnergyShieldDelay;Serene
EnergyShieldPercent;IncreasedEnergyShieldPercent;IncreasedEnergyShieldPercent1;Protective
EnergyShieldPercent;IncreasedEnergyShieldPercent;IncreasedEnergyShieldPercent2;Strong-Willed
EnergyShieldPercent;IncreasedEnergyShieldPercent;IncreasedEnergyShieldPercent3;Resolute
EnergyShieldPercent;IncreasedEnergyShieldPercent;IncreasedEnergyShieldPercent4;Fearless
EnergyShieldPercent;IncreasedEnergyShieldPercent;IncreasedEnergyShieldPercent5;Dauntless
EnergyShieldPercent;IncreasedEnergyShieldPercent;IncreasedEnergyShieldPercent6;Indomitable
EnergyShieldPercent;IncreasedEnergyShieldPercent;IncreasedEnergyShieldPercent7;Unassailable
EnergyShieldPercent;JewelEnergyShield;JewelEnergyShield;Shimmering
EnergyShieldRegeneration;JewelEnergyShieldRecharge;JewelEnergyShieldRecharge;Fevered
EvasionRatingPercent;IncreasedEvasionRatingPercent;IncreasedEvasionRatingPercent1;Shade's
EvasionRatingPercent;IncreasedEvasionRatingPercent;IncreasedEvasionRatingPercent2;Ghost's
EvasionRatingPercent;IncreasedEvasionRatingPercent;IncreasedEvasionRatingPercent3;Spectre's
EvasionRatingPercent;IncreasedEvasionRatingPercent;IncreasedEvasionRatingPercent4;Wraith's
EvasionRatingPercent;IncreasedEvasionRatingPercent;IncreasedEvasionRatingPercent5;Phantasm's
EvasionRatingPercent;IncreasedEvasionRatingPercent;IncreasedEvasionRatingPercent6;Nightmare's
EvasionRatingPercent;IncreasedEvasionRatingPercent;IncreasedEvasionRatingPercent7;Mirage's
EvasionRatingPercent;JewelEvasion;JewelEvasion;Evasive
ExertedAttackDamage;JewelEmpoweredAttackDamage;JewelEmpoweredAttackDamage;Empowering
ExposureOnHit;UniqueEnemiesInPresenceFireExposure;UniqueEnemiesInPresenceFireExposure1;
FasterAilmentDamage;JewelFasterAilments;JewelFasterAilments;of Decrepifying
FireDamage;AddedFireDamage;AddedFireDamage1;Heated
FireDamage;AddedFireDamage;AddedFireDamage2;Smouldering
FireDamage;AddedFireDamage;AddedFireDamage3;Smoking
FireDamage;AddedFireDamage;AddedFireDamage4;Burning
FireDamage;AddedFireDamage;AddedFireDamage5;Flaming
FireDamage;AddedFireDamage;AddedFireDamage6;Scorching
FireDamage;AddedFireDamage;AddedFireDamage7;Incinerating
FireDamage;AddedFireDamage;AddedFireDamage8;Blasting
FireDamage;AddedFireDamage;AddedFireDamage9;Cremating
FireDamage;LocalAddedFireDamageTwoHand;LocalAddedFireDamageTwoHand2;Smouldering
FireDamage;LocalAddedFireDamageTwoHand;LocalAddedFireDamageTwoHand4;Burning
FireDamage;LocalAddedFireDamageTwoHand;LocalAddedFireDamageTwoHand5;Flaming
FireDamage;LocalAddedFireDamageTwoHand;LocalAddedFireDamageTwoHand7;Incinerating
FireDamage;LocalAddedFireDamageTwoHand;LocalAddedFireDamageTwoHand8_;Blasting
FireDamage;LocalAddedFireDamageTwoHand;LocalAddedFireDamageTwoHand9;Cremating
FireDamage;SpellDamageGainedAsFire;SpellDamageGainedAsFire1;Fervent
FireDamage;SpellDamageGainedAsFire;SpellDamageGainedAsFire2;Ardent
FireDamage;SpellDamageGainedAsFire;SpellDamageGainedAsFire6;Flamebound
FireDamage;UniqueLocalAddedFireDamage;UniqueLocalAddedFireDamage3;
FireDamagePercentage;FireDamagePercent;FireDamagePercent1;Searing
FireDamagePercentage;FireDamagePercent;FireDamagePercent2;Sizzling
FireDamagePercentage;FireDamagePercent;FireDamagePercent3;Blistering
FireDamagePercentage;FireDamagePercent;FireDamagePercent4;Cauterising
FireDamagePercentage;FireDamagePercent;FireDamagePercent5;Volcanic
FireDamagePercentage;FireDamagePercent;FireDamagePercent6;Magmatic
FireDamagePercentage;JewelFireDamage;JewelFireDamage;Flaming
FireResistance;CorruptionJewelFireResist;CorruptionJewelFireResist1;
FireResistance;FireResist;FireResist1;of the Whelpling
FireResistance;FireResist;FireResist2;of the Salamander
FireResistance;FireResist;FireResist3;of the Drake
FireResistance;FireResist;FireResist4;of the Kiln
FireResistance;FireResist;FireResist5;of the Furnace
FireResistance;FireResist;FireResist6;of the Volcano
FireResistance;FireResist;FireResist7;of Magma
FireResistance;FireResist;FireResist8;of Tzteosh
FireResistance;RingImplicitFireResistance;RingImplicitFireResistance1;
FireResistance;UniqueFireResist;UniqueFireResist13;
FireResistance;UniqueFireResist;UniqueFireResist24;
FireResistance;UniqueFireResist;UniqueFireResist25;
FireResistancePenetration;CorruptionFirePenetration;CorruptionFirePenetration1;
FireResistancePenetration;JewelFirePenetration;JewelFirePenetration;Searing
FlaskChargeGeneration;UniqueManaFlaskChargeGeneration;UniqueManaFlaskChargeGeneration2;
FlaskChargeGenerationPercent;JewelManaFlaskChargeGen;JewelManaFlaskChargeGen;of Fountains
FlaskChargesUsed;FlaskChargesUsed;FlaskChargesUsed1;of the Apprentice
FlaskChargesUsed;FlaskChargesUsed;FlaskChargesUsed2;of the Practitioner
FlaskChargesUsed;FlaskChargesUsed;FlaskChargesUsed4__;of the Distiller
FlaskChargesUsed;FlaskChargesUsed;FlaskChargesUsed6;of the Chemist
FlaskDuration;JewelFlaskDuration;JewelFlaskDuration;of Prolonging
FlaskEnchantment;CharmImplicitUseOnBleed;CharmImplicitUseOnBleed1;
FlaskEnchantment;CharmImplicitUseOnChaosDamage;CharmImplicitUseOnChaosDamage1;
FlaskEnchantment;CharmImplicitUseOnColdDamage;CharmImplicitUseOnColdDamage1;
FlaskEnchantment;CharmImplicitUseOnFireDamage;CharmImplicitUseOnFireDamage1;
FlaskEnchantment;CharmImplicitUseOnFreeze;CharmImplicitUseOnFreeze1;
FlaskEnchantment;CharmImplicitUseOnIgnite;CharmImplicitUseOnIgnite1;
FlaskEnchantment;CharmImplicitUseOnLightningDamage;CharmImplicitUseOnLightningDamage1;
FlaskEnchantment;CharmImplicitUseOnPoison;CharmImplicitUseOnPoison1;
FlaskEnchantment;CharmImplicitUseOnRareUniqueKill;CharmImplicitUseOnRareUniqueKill1;
FlaskEnchantment;CharmImplicitUseOnShock;CharmImplicitUseOnShock1;
FlaskEnchantment;CharmImplicitUseOnSlow;CharmImplicitUseOnSlow1;
FlaskEnchantment;CharmImplicitUseOnStun;CharmImplicitUseOnStun1;
FlaskGainCharge;FlaskFillChargesPerMinute;FlaskFillChargesPerMinute1;of the Foliage
FlaskGainCharge;FlaskFillChargesPerMinute;FlaskFillChargesPerMinute2;of the Verdant
FlaskGainCharge;FlaskFillChargesPerMinute;FlaskFillChargesPerMinute3;of the Sylvan
FlaskLifeRecovery;JewelLifeFlaskRecovery;JewelLifeFlaskRecovery;of Recovery
FlaskNumCharges;FlaskExtraCharges;FlaskExtraCharges1;of the Wide
FlaskNumCharges;FlaskExtraCharges;FlaskExtraCharges2__;of the Copious
FlaskNumCharges;FlaskExtraCharges;FlaskExtraCharges3_;of the Plentiful
FlaskNumCharges;FlaskExtraCharges;FlaskExtraCharges4__;of the Bountiful
FlaskNumCharges;FlaskExtraCharges;FlaskExtraCharges5;of the Abundant
FlaskRechargeRate;FlaskChanceRechargeOnKill;FlaskChanceRechargeOnKill1;of the Medic
FlaskRechargeRate;FlaskChanceRechargeOnKill;FlaskChanceRechargeOnKill2;of the Doctor
FlaskRechargeRate;FlaskChanceRechargeOnKill;FlaskChanceRechargeOnKill3;of the Surgeon
FlaskRechargeRate;FlaskChargesAddedIncreasePercent;FlaskChargesAddedIncreasePercent2_;of the Continuous
FlaskRecoveryAmount;CharmGainLifeOnUse;CharmGainLifeOnUse1;Herbal
FlaskRecoveryAmount;CharmGainLifeOnUse;CharmGainLifeOnUse2;Floral
FlaskRecoveryAmount;CharmGainLifeOnUse;CharmGainLifeOnUse3;Blooming
FlaskRecoveryAmount;CharmGainLifeOnUse;CharmGainLifeOnUse4;Sprouting
FlaskRecoveryAmount;CharmGainLifeOnUse;CharmGainLifeOnUse6;Botanic
FlaskRecoveryAmount;CharmGainManaOnUse;CharmGainManaOnUse1;Drizzling
FlaskRecoveryAmount;CharmGainManaOnUse;CharmGainManaOnUse2;Soaked
FlaskRecoveryAmount;CharmGainManaOnUse;CharmGainManaOnUse3;Mistbound
FlaskRecoveryAmount;CharmGainManaOnUse;CharmGainManaOnUse4;Tidebound
FlaskRecoveryAmount;CharmGainManaOnUse;CharmGainManaOnUse6;Flooded
FlaskRecoveryAmount;CharmGuardWhileActive;CharmGuardWhileActive1;Sunny
FlaskRecoveryAmount;CharmGuardWhileActive;CharmGuardWhileActive3;Bright
FlaskRecoveryAmount;CharmGuardWhileActive;CharmGuardWhileActive5;Lustrous
FlaskRecoveryAmount;CharmGuardWhileActive;CharmGuardWhileActive6;Sunburst
FlaskRecoveryAmount;FlaskIncreasedRecoveryAmount;FlaskIncreasedRecoveryAmount1;Opaque
FlaskRecoveryAmount;FlaskIncreasedRecoveryAmount;FlaskIncreasedRecoveryAmount2_;Compact
FlaskRecoveryAmount;FlaskIncreasedRecoveryAmount;FlaskIncreasedRecoveryAmount3;Full-bodied
FlaskRecoveryAmount;FlaskIncreasedRecoveryAmount;FlaskIncreasedRecoveryAmount5;Substantial
FlaskRecoveryAmount;FlaskIncreasedRecoveryAmount;FlaskIncreasedRecoveryAmount6;Concentrated
FlaskRecoveryAmount;FlaskIncreasedRecoveryOnLowMana;FlaskIncreasedRecoveryOnLowMana1;Sustained
FlaskRecoverySpeed;CharmIncreasedDuration;CharmIncreasedDuration1;Investigator's
FlaskRecoverySpeed;CharmIncreasedDuration;CharmIncreasedDuration2;Analyst's
FlaskRecoverySpeed;CharmIncreasedDuration;CharmIncreasedDuration5;Experimenter's
FlaskRecoverySpeed;FlaskIncreasedRecoverySpeed;FlaskIncreasedRecoverySpeed1;Dense
FlaskRecoverySpeed;FlaskPartialInstantRecovery;FlaskPartialInstantRecovery1;Simmering
FlaskRecoverySpeed;FlaskPartialInstantRecovery;FlaskPartialInstantRecovery2;Effervescent
FlaskRecoverySpeed;FlaskPartialInstantRecovery;FlaskPartialInstantRecovery3;Bubbling
FocusEnergyShield;JewelFocusEnergyShield;JewelFocusEnergyShield;Focusing
ForkingProjectiles;JewelForkingProjectiles;JewelForkingProjectiles;of Forking
FormCritMultiplier;JewelSpellCriticalDamage;JewelSpellCriticalDamage;of Unmaking
FreezeDamageIncrease;JewelFreezeAmount;JewelFreezeAmount;of Freezing
FreezeThreshold;JewelFreezeThreshold;JewelFreezeThreshold;of Snowbreathing
GainRage;JewelRagewhenHit;JewelRagewhenHit;of Retribution
GrantedPassive;GrantedPassive;GrantedPassive;
GrantedPassive;UniqueJewelGrantedPassive;UniqueJewelGrantedPassive1;
GrantedPassive;UniqueJewelGrantedPassive;UniqueJewelGrantedPassive2;
HeraldDamage;JewelHeraldDamage;JewelHeraldDamage;Heralding
IgniteChanceIncrease;JewelIgniteChance;JewelIgniteChance;of Ignition
IgniteChanceIncrease;UniqueIgniteChanceIncrease;UniqueIgniteChanceIncrease2;
IgniteEffect;JewelIgniteEffect;JewelIgniteEffect;Burning
ImmuneToMaim;CorruptionJewelMaimImmunity;CorruptionJewelMaimImmunity1;
IncreasedAccuracy;IncreasedAccuracy;IncreasedAccuracy1;Precise
IncreasedAccuracy;IncreasedAccuracy;IncreasedAccuracy2;Reliable
IncreasedAccuracy;IncreasedAccuracy;IncreasedAccuracy3;Focused
IncreasedAccuracy;IncreasedAccuracy;IncreasedAccuracy4;Deliberate
IncreasedAccuracy;IncreasedAccuracy;IncreasedAccuracy5;Consistent
IncreasedAccuracy;IncreasedAccuracy;IncreasedAccuracy6;Steady
IncreasedAccuracy;IncreasedAccuracy;IncreasedAccuracy7;Hunter's
IncreasedAccuracy;IncreasedAccuracy;IncreasedAccuracy8;Ranger's
IncreasedAccuracy;LocalIncreasedAccuracy;LocalIncreasedAccuracy4;Deliberate
IncreasedAccuracy;LocalIncreasedAccuracy;LocalIncreasedAccuracy5;Consistent
IncreasedAccuracy;LocalIncreasedAccuracy;LocalIncreasedAccuracy6;Steady
IncreasedAccuracy;LocalIncreasedAccuracy;LocalIncreasedAccuracy7;Hunter's
IncreasedAccuracy;RingImplicitIncreasedAccuracy;RingImplicitIncreasedAccuracy1;
IncreasedAccuracy;UniqueLocalIncreasedAccuracy;UniqueLocalIncreasedAccuracy6;
IncreasedAccuracyPercent;JewelAccuracy;JewelAccuracy;Accurate
IncreasedAttackSpeed;JewelAttackSpeed;JewelAttackSpeed;of Alacrity
IncreasedAttackSpeed;LocalIncreasedAttackSpeed;LocalIncreasedAttackSpeed3;of Mastery
IncreasedAttackSpeed;LocalIncreasedAttackSpeed;LocalIncreasedAttackSpeed7;of Infamy
IncreasedBlockChance;JewelBlock;JewelBlock;Protecting
IncreasedCastSpeed;IncreasedCastSpeed;IncreasedCastSpeed1;of Talent
IncreasedCastSpeed;IncreasedCastSpeed;IncreasedCastSpeed2;of Nimbleness
IncreasedCastSpeed;IncreasedCastSpeed;IncreasedCastSpeed3;of Expertise
IncreasedCastSpeed;IncreasedCastSpeed;IncreasedCastSpeed4;of Sortilege
IncreasedCastSpeed;IncreasedCastSpeed;IncreasedCastSpeed5;of Legerdemain
IncreasedCastSpeed;IncreasedCastSpeedTwoHand;IncreasedCastSpeedTwoHand2;of Nimbleness
IncreasedCastSpeed;JewelCastSpeed;JewelCastSpeed;of Enchanting
IncreasedCastSpeed;RingImplicitIncreasedCastSpeed;RingImplicitIncreasedCastSpeed1;
IncreasedCastSpeed;UniqueIncreasedCastSpeed;UniqueIncreasedCastSpeed7;
IncreasedChaosDamage;ChaosDamagePercent;ChaosDamagePercent1;Impure
IncreasedChaosDamage;ChaosDamagePercent;ChaosDamagePercent2;Tainted
IncreasedChaosDamage;ChaosDamagePercent;ChaosDamagePercent3;Clouded
IncreasedChaosDamage;ChaosDamagePercent;ChaosDamagePercent4;Darkened
IncreasedChaosDamage;ChaosDamagePercent;ChaosDamagePercent5;Malignant
IncreasedChaosDamage;ChaosDamagePercent;ChaosDamagePercent6;Vile
IncreasedChaosDamage;JewelChaosDamage;JewelChaosDamage;Chaotic
IncreasedChillDuration;JewelChillDuration;JewelChillDuration;of Frost
IncreasedEnergyShield;AmuletImplicitEnergyShield;AmuletImplicitEnergyShield1;
IncreasedEnergyShield;IncreasedEnergyShield;IncreasedEnergyShield1;Shining
IncreasedEnergyShield;IncreasedEnergyShield;IncreasedEnergyShield10;Incandescent
IncreasedEnergyShield;IncreasedEnergyShield;IncreasedEnergyShield2;Glimmering
IncreasedEnergyShield;IncreasedEnergyShield;IncreasedEnergyShield3;Glittering
IncreasedEnergyShield;IncreasedEnergyShield;IncreasedEnergyShield4;Glowing
IncreasedEnergyShield;IncreasedEnergyShield;IncreasedEnergyShield5;Radiating
IncreasedEnergyShield;IncreasedEnergyShield;IncreasedEnergyShield6;Pulsing
IncreasedEnergyShield;IncreasedEnergyShield;IncreasedEnergyShield7;Blazing
IncreasedEnergyShield;IncreasedEnergyShield;IncreasedEnergyShield8;Dazzling
IncreasedEnergyShield;IncreasedEnergyShield;IncreasedEnergyShield9;Scintillating
IncreasedEvasionRating;IncreasedEvasionRating;IncreasedEvasionRating1;Agile
IncreasedEvasionRating;IncreasedEvasionRating;IncreasedEvasionRating2;Dancer's
IncreasedEvasionRating;IncreasedEvasionRating;IncreasedEvasionRating3;Acrobat's
IncreasedEvasionRating;IncreasedEvasionRating;IncreasedEvasionRating4;Fleet
IncreasedEvasionRating;IncreasedEvasionRating;IncreasedEvasionRating5;Blurred
IncreasedEvasionRating;IncreasedEvasionRating;IncreasedEvasionRating6;Phased
IncreasedEvasionRating;IncreasedEvasionRating;IncreasedEvasionRating7;Vaporous
IncreasedEvasionRating;IncreasedEvasionRating;IncreasedEvasionRating8;Elusory
IncreasedEvasionRating;IncreasedEvasionRating;IncreasedEvasionRating9;Adroit
IncreasedEvasionRating;UniqueEvasionRatingDodgeRoll;UniqueEvasionRatingDodgeRoll1;
IncreasedLife;AmuletImplicitIncreasedLife;AmuletImplicitIncreasedLife1;
IncreasedLife;IncreasedLife;IncreasedLife1;Hale
IncreasedLife;IncreasedLife;IncreasedLife10;Fecund
IncreasedLife;IncreasedLife;IncreasedLife12;Rapturous
IncreasedLife;IncreasedLife;IncreasedLife2;Healthy
IncreasedLife;IncreasedLife;IncreasedLife3;Sanguine
IncreasedLife;IncreasedLife;IncreasedLife4;Stalwart
IncreasedLife;IncreasedLife;IncreasedLife5;Stout
IncreasedLife;IncreasedLife;IncreasedLife6;Robust
IncreasedLife;IncreasedLife;IncreasedLife7;Rotund
IncreasedLife;IncreasedLife;IncreasedLife8;Virile
IncreasedLife;IncreasedLife;IncreasedLife9;Athlete's
IncreasedLife;UniqueIncreasedLife;UniqueIncreasedLife15;
IncreasedLife;UniqueIncreasedLife;UniqueIncreasedLife36;
IncreasedLife;UniqueIncreasedLife;UniqueIncreasedLife39;
IncreasedLife;UniqueIncreasedLife;UniqueIncreasedLife5;
IncreasedMana;IncreasedMana;IncreasedMana1;Beryl
IncreasedMana;IncreasedMana;IncreasedMana10;Mazarine
IncreasedMana;IncreasedMana;IncreasedMana11;Blue
IncreasedMana;IncreasedMana;IncreasedMana12;Zaffre
IncreasedMana;IncreasedMana;IncreasedMana13;Ultramarine
IncreasedMana;IncreasedMana;IncreasedMana2;Cobalt
IncreasedMana;IncreasedMana;IncreasedMana3;Azure
IncreasedMana;IncreasedMana;IncreasedMana4;Teal
IncreasedMana;IncreasedMana;IncreasedMana5;Cerulean
IncreasedMana;IncreasedMana;IncreasedMana6;Aqua
IncreasedMana;IncreasedMana;IncreasedMana7;Opalescent
IncreasedMana;IncreasedMana;IncreasedMana8;Gentian
IncreasedMana;IncreasedMana;IncreasedMana9;Chalybeous
IncreasedMana;IncreasedManaTwoHandWeapon;IncreasedManaTwoHandWeapon10;Mazarine
IncreasedMana;IncreasedManaTwoHandWeapon;IncreasedManaTwoHandWeapon7;Opalescent
IncreasedMana;IncreasedManaTwoHandWeapon;IncreasedManaTwoHandWeapon8_;Gentian
IncreasedMana;RingImplicitIncreasedMana;RingImplicitIncreasedMana1;
IncreasedMana;UniqueIncreasedMana;UniqueIncreasedMana29;
IncreasedMana;UniqueIncreasedMana;UniqueIncreasedMana35;
IncreasedMana;UniqueIncreasedMana;UniqueIncreasedMana5;
IncreasedMaximumPowerCharges;CorruptionMaximumPowerCharges;CorruptionMaximumPowerCharges1;
IncreasedPhysicalDamageReductionRatingPercent;IncreasedPhysicalDamageReductionRatingPercent;IncreasedPhysicalDamageReductionRatingPercent1;Reinforced
IncreasedPhysicalDamageReductionRatingPercent;IncreasedPhysicalDamageReductionRatingPercent;IncreasedPhysicalDamageReductionRatingPercent2;Layered
IncreasedPhysicalDamageReductionRatingPercent;IncreasedPhysicalDamageReductionRatingPercent;IncreasedPhysicalDamageReductionRatingPercent3;Lobstered
IncreasedPhysicalDamageReductionRatingPercent;IncreasedPhysicalDamageReductionRatingPercent;IncreasedPhysicalDamageReductionRatingPercent4;Buttressed
IncreasedPhysicalDamageReductionRatingPercent;IncreasedPhysicalDamageReductionRatingPercent;IncreasedPhysicalDamageReductionRatingPercent5;Thickened
IncreasedPhysicalDamageReductionRatingPercent;IncreasedPhysicalDamageReductionRatingPercent;IncreasedPhysicalDamageReductionRatingPercent6;Girded
IncreasedPhysicalDamageReductionRatingPercent;IncreasedPhysicalDamageReductionRatingPercent;IncreasedPhysicalDamageReductionRatingPercent7;Impregnable
IncreasedPhysicalDamageReductionRatingPercent;JewelArmour;JewelArmour;Armoured
IncreasedQuality;RingImplicitMaximumQualityOverride;RingImplicitMaximumQualityOverride1;
IncreasedSpeed;CorruptionIncreasedSkillSpeed;CorruptionIncreasedSkillSpeed1;
IncreasedStunThreshold;BeltImplicitIncreasedStunThreshold;BeltImplicitIncreasedStunThreshold1;
IncreasedStunThreshold;JewelStunThreshold;JewelStunThreshold;of Withstanding
IncreasedStunThresholdIfNoRecentStun;JewelStunThresholdIfNotStunnedRecently;JewelStunThresholdIfNotStunnedRecently;of Stoutness
IncreasedTotemLife;JewelTotemLife;JewelTotemLife;Carved
IncreasedWeaponElementalDamagePercent;WeaponElementalDamageOnTwohandWeapon;WeaponElementalDamageOnTwohandWeapon2____;Infusing
IncreasedWeaponElementalDamagePercent;WeaponElementalDamageOnTwohandWeapon;WeaponElementalDamageOnTwohandWeapon6;Devastating
IncreaseSocketedGemLevel;CorruptionGlobalMeleeSkillGemsLevel;CorruptionGlobalMeleeSkillGemsLevel1;
IncreaseSocketedGemLevel;GlobalChaosSpellGemsLevelWeapon;GlobalChaosSpellGemsLevelWeapon3;of Ruin
IncreaseSocketedGemLevel;GlobalLightningSpellGemsLevelTwoHandWeapon;GlobalLightningSpellGemsLevelTwoHandWeapon3;of Electricity
IncreaseSocketedGemLevel;GlobalMeleeSkillGemLevel;GlobalMeleeSkillGemLevel1;of Combat
IncreaseSocketedGemLevel;GlobalMeleeSkillGemLevel;GlobalMeleeSkillGemLevel2;of Dueling
IncreaseSocketedGemLevel;GlobalMeleeSkillGemLevelTwoHandWeapon;GlobalMeleeSkillGemLevelTwoHandWeapon1;of Combat
IncreaseSocketedGemLevel;GlobalMeleeSkillGemLevelTwoHandWeapon;GlobalMeleeSkillGemLevelTwoHandWeapon2;of Dueling
IncreaseSocketedGemLevel;GlobalMeleeSkillGemLevelTwoHandWeapon;GlobalMeleeSkillGemLevelTwoHandWeapon3;of Conflict
IncreaseSocketedGemLevel;GlobalMinionSpellSkillGemLevel;GlobalMinionSpellSkillGemLevel1;of the Taskmaster
IncreaseSocketedGemLevel;GlobalMinionSpellSkillGemLevel;GlobalMinionSpellSkillGemLevel2;of the Despot
IncreaseSocketedGemLevel;GlobalMinionSpellSkillGemLevelWeapon;GlobalMinionSpellSkillGemLevelWeapon2;of the Despot
IncreaseSocketedGemLevel;GlobalPhysicalSpellGemsLevelTwoHandWeapon;GlobalPhysicalSpellGemsLevelTwoHandWeapon4;of Desolation
IncreaseSocketedGemLevel;GlobalProjectileSkillGemLevel;GlobalProjectileSkillGemLevel1;of the Archer
IncreaseSocketedGemLevel;GlobalProjectileSkillGemLevel;GlobalProjectileSkillGemLevel2;of the Fletcher
IncreaseSocketedGemLevel;GlobalProjectileSkillGemLevel;GlobalProjectileSkillGemLevel3;of the Sharpshooter
IncreaseSocketedGemLevel;GlobalProjectileSkillGemLevelTwoHandWeapon;GlobalProjectileSkillGemLevelTwoHandWeapon3;of the Sharpshooter
IncreaseSocketedGemLevel;GlobalProjectileSkillGemLevelTwoHandWeapon;GlobalProjectileSkillGemLevelTwoHandWeapon4;of the Marksman
IncreaseSocketedGemLevel;GlobalSpellGemsLevel;GlobalSpellGemsLevel1;of the Mage
IncreaseSocketedGemLevel;GlobalSpellGemsLevel;GlobalSpellGemsLevel2;of the Enchanter
IncreaseSocketedGemLevel;GlobalSpellGemsLevel;GlobalSpellGemsLevel3;of the Sorcerer
InstantFlaskRecovery;BeltImplicitInstantFlaskRecoveryPercent;BeltImplicitInstantFlaskRecoveryPercent1;
Intelligence;AmuletImplicitIntelligence;AmuletImplicitIntelligence1;
Intelligence;CorruptionIntelligence;CorruptionIntelligence1;
Intelligence;CorruptionJewelIntelligence;CorruptionJewelIntelligence1;
Intelligence;Intelligence;Intelligence1;of the Pupil
Intelligence;Intelligence;Intelligence2;of the Student
Intelligence;Intelligence;Intelligence3;of the Prodigy
Intelligence;Intelligence;Intelligence4;of the Augur
Intelligence;Intelligence;Intelligence5;of the Philosopher
Intelligence;Intelligence;Intelligence6;of the Sage
Intelligence;Intelligence;Intelligence7;of the Savant
Intelligence;Intelligence;Intelligence8;of the Virtuoso
ItemFoundRarityIncrease;AmuletImplicitItemFoundRarityIncrease;AmuletImplicitItemFoundRarityIncrease1;
ItemFoundRarityIncrease;CorruptionItemFoundRarityIncrease;CorruptionItemFoundRarityIncrease1;
ItemFoundRarityIncrease;ItemFoundRarityIncrease;ItemFoundRarityIncrease1;of Plunder
ItemFoundRarityIncrease;ItemFoundRarityIncrease;ItemFoundRarityIncrease2;of Raiding
ItemFoundRarityIncrease;ItemFoundRarityIncrease;ItemFoundRarityIncrease3;of Archaeology
ItemFoundRarityIncrease;ItemFoundRarityIncrease;ItemFoundRarityIncrease4;of Excavation
ItemFoundRarityIncrease;ItemFoundRarityIncrease;ItemFoundRarityIncrease5;of Windfall
ItemFoundRarityIncrease;RingImplicitItemFoundRarityIncrease;RingImplicitItemFoundRarityIncrease1;
ItemFoundRarityIncrease;UniqueItemFoundRarityIncrease;UniqueItemFoundRarityIncrease17;
ItemFoundRarityIncreasePrefix;ItemFoundRarityIncreasePrefix;ItemFoundRarityIncreasePrefix1;Magpie's
ItemFoundRarityIncreasePrefix;ItemFoundRarityIncreasePrefix;ItemFoundRarityIncreasePrefix2;Collector's
ItemFoundRarityIncreasePrefix;ItemFoundRarityIncreasePrefix;ItemFoundRarityIncreasePrefix3;Hoarder's
ItemFoundRarityIncreasePrefix;ItemFoundRarityIncreasePrefix;ItemFoundRarityIncreasePrefix4_;Pirate's
ItemFoundRarityIncreasePrefix;ItemFoundRarityIncreasePrefix;ItemFoundRarityIncreasePrefix5;Dragon's
Knockback;JewelKnockback;JewelKnockback;of Fending
LifeCost;JewelLifeCost;JewelLifeCost;of Sacrifice
LifeGainedFromEnemyDeath;LifeGainedFromEnemyDeath;LifeGainedFromEnemyDeath1;of Success
LifeGainedFromEnemyDeath;LifeGainedFromEnemyDeath;LifeGainedFromEnemyDeath2;of Victory
LifeGainedFromEnemyDeath;LifeGainedFromEnemyDeath;LifeGainedFromEnemyDeath3;of Triumph
LifeGainedFromEnemyDeath;LifeGainedFromEnemyDeath;LifeGainedFromEnemyDeath4;of Conquest
LifeGainedFromEnemyDeath;LifeGainedFromEnemyDeath;LifeGainedFromEnemyDeath5;of Vanquishing
LifeGainedFromEnemyDeath;LifeGainedFromEnemyDeath;LifeGainedFromEnemyDeath6;of Valour
LifeGainedFromEnemyDeath;LifeGainedFromEnemyDeath;LifeGainedFromEnemyDeath7;of Glory
LifeGainedFromEnemyDeath;LifeGainedFromEnemyDeath;LifeGainedFromEnemyDeath8;of Legend
LifeGainPerTarget;LifeGainPerTargetLocal;LifeGainPerTargetLocal3;of Regrowth
LifeLeech;JewelLifeLeech;JewelLifeLeech;of Frenzy
LifeLeech;LifeLeech;LifeLeech1;of the Parasite
LifeLeech;LifeLeech;LifeLeech2;of the Locust
LifeLeech;LifeLeech;LifeLeech3;of the Remora
LifeLeech;LifeLeech;LifeLeech5;of the Vampire
LifeLeech;LifeLeechLocal;LifeLeechLocal1;of the Parasite
LifeLeech;LifeLeechLocal;LifeLeechLocal3;of the Remora
LifeLeech;LifeLeechLocal;LifeLeechLocal4;of the Lamprey
LifeLeech;LifeLeechLocal;LifeLeechLocal5;of the Vampire
LifeRegeneration;AmuletImplicitLifeRegeneration;AmuletImplicitLifeRegeneration1;
LifeRegeneration;LifeRegeneration;LifeRegeneration1;of the Newt
LifeRegeneration;LifeRegeneration;LifeRegeneration10__;of Immortality
LifeRegeneration;LifeRegeneration;LifeRegeneration2;of the Lizard
LifeRegeneration;LifeRegeneration;LifeRegeneration3;of the Flatworm
LifeRegeneration;LifeRegeneration;LifeRegeneration4;of the Starfish
LifeRegeneration;LifeRegeneration;LifeRegeneration5;of the Hydra
LifeRegeneration;LifeRegeneration;LifeRegeneration6;of the Troll
LifeRegeneration;LifeRegeneration;LifeRegeneration7;of Convalescence
LifeRegeneration;LifeRegeneration;LifeRegeneration8_;of Recuperation
LifeRegeneration;LifeRegeneration;LifeRegeneration9;of Resurgence
LifeRegenerationRate;JewelLifeRegeneration;JewelLifeRegeneration;of Regeneration
LightningDamage;AddedLightningDamage;AddedLightningDamage1;Humming
LightningDamage;AddedLightningDamage;AddedLightningDamage2;Buzzing
LightningDamage;AddedLightningDamage;AddedLightningDamage3;Snapping
LightningDamage;AddedLightningDamage;AddedLightningDamage4;Crackling
LightningDamage;AddedLightningDamage;AddedLightningDamage5;Sparking
LightningDamage;AddedLightningDamage;AddedLightningDamage6;Arcing
LightningDamage;AddedLightningDamage;AddedLightningDamage7;Shocking
LightningDamage;AddedLightningDamage;AddedLightningDamage8;Discharging
LightningDamage;AddedLightningDamage;AddedLightningDamage9;Electrocuting
LightningDamage;LocalAddedLightningDamage;LocalAddedLightningDamage4;Crackling
LightningDamage;LocalAddedLightningDamageTwoHand;LocalAddedLightningDamageTwoHand2;Buzzing
LightningDamage;LocalAddedLightningDamageTwoHand;LocalAddedLightningDamageTwoHand7;Shocking
LightningDamage;LocalAddedLightningDamageTwoHand;LocalAddedLightningDamageTwoHand8;Discharging
LightningDamage;LocalAddedLightningDamageTwoHand;LocalAddedLightningDamageTwoHand9;Electrocuting
LightningDamage;NearbyAlliesAddedLightningDamage;NearbyAlliesAddedLightningDamage1;Humming
LightningDamage;SpellDamageGainedAsLightning;SpellDamageGainedAsLightning4;Vorpal
LightningDamage;SpellDamageGainedAsLightning;SpellDamageGainedAsLightning5;Electrifying
LightningDamagePercentage;JewelLightningDamage;JewelLightningDamage;Humming
LightningDamagePercentage;LightningDamagePercent;LightningDamagePercent1;Charged
LightningDamagePercentage;LightningDamagePercent;LightningDamagePercent2;Hissing
LightningDamagePercentage;LightningDamagePercent;LightningDamagePercent3;Bolting
LightningDamagePercentage;LightningDamagePercent;LightningDamagePercent4;Coursing
LightningDamagePercentage;LightningDamagePercent;LightningDamagePercent5;Striking
LightningDamagePercentage;LightningDamagePercent;LightningDamagePercent6;Smiting
LightningResistance;CorruptionJewelLightningResist;CorruptionJewelLightningResist1;
LightningResistance;LightningResist;LightningResist1;of the Cloud
LightningResistance;LightningResist;LightningResist2;of the Squall
LightningResistance;LightningResist;LightningResist3;of the Storm
LightningResistance;LightningResist;LightningResist4;of the Thunderhead
LightningResistance;LightningResist;LightningResist5;of the Tempest
LightningResistance;LightningResist;LightningResist6;of the Maelstrom
LightningResistance;LightningResist;LightningResist7;of the Lightning
LightningResistance;LightningResist;LightningResist8;of Ephij
LightningResistance;RingImplicitLightningResistance;RingImplicitLightningResistance1;
LightningResistance;UniqueLightningResist;UniqueLightningResist18;
LightningResistancePenetration;JewelLightningPenetration;JewelLightningPenetration;Surging
LightRadius;UniqueLightRadius;UniqueLightRadius8;
LightRadiusAndManaRegeneration;LightRadiusAndManaRegeneration;LightRadiusAndManaRegeneration1;of Warmth
LightRadiusAndManaRegeneration;LightRadiusAndManaRegeneration;LightRadiusAndManaRegeneration2;of Kindling
LightRadiusAndManaRegeneration;LightRadiusAndManaRegeneration;LightRadiusAndManaRegeneration3;of the Hearth
LocalAttributeRequirements;ReducedLocalAttributeRequirements;ReducedLocalAttributeRequirements1;of the Worthy
LocalAttributeRequirements;ReducedLocalAttributeRequirements;ReducedLocalAttributeRequirements3;of the Talented
LocalAttributeRequirements;ReducedLocalAttributeRequirements;ReducedLocalAttributeRequirements4;of the Skilled
LocalAttributeRequirements;ReducedLocalAttributeRequirements;ReducedLocalAttributeRequirements5;of the Proficient
LocalIncreasedPhysicalDamagePercentAndAccuracyRating;LocalIncreasedPhysicalDamagePercentAndAccuracyRating;LocalIncreasedPhysicalDamagePercentAndAccuracyRating4;Mercenary's
LocalIncreasedPhysicalDamagePercentAndAccuracyRating;LocalIncreasedPhysicalDamagePercentAndAccuracyRating;LocalIncreasedPhysicalDamagePercentAndAccuracyRating5;Champion's
LocalIncreasedPhysicalDamagePercentAndAccuracyRating;LocalIncreasedPhysicalDamagePercentAndAccuracyRating;LocalIncreasedPhysicalDamagePercentAndAccuracyRating6;Conqueror's
LocalIncreasedSpiritPercent;LocalIncreasedSpiritPercent;LocalIncreasedSpiritPercent3;Viscount's
LocalPhysicalDamagePercent;LocalIncreasedPhysicalDamagePercent;LocalIncreasedPhysicalDamagePercent1;Heavy
LocalPhysicalDamagePercent;LocalIncreasedPhysicalDamagePercent;LocalIncreasedPhysicalDamagePercent2;Serrated
LocalPhysicalDamagePercent;LocalIncreasedPhysicalDamagePercent;LocalIncreasedPhysicalDamagePercent3;Wicked
LocalPhysicalDamagePercent;LocalIncreasedPhysicalDamagePercent;LocalIncreasedPhysicalDamagePercent5;Bloodthirsty
LocalPhysicalDamagePercent;LocalIncreasedPhysicalDamagePercent;LocalIncreasedPhysicalDamagePercent7;Tyrannical
LocalPhysicalDamagePercent;UniqueLocalNoWeaponPhysicalDamage;UniqueLocalNoWeaponPhysicalDamage3;
MaceStun;JewelMaceStun;JewelMaceStun;of Thumping
ManaGainedFromEnemyDeath;ManaGainedFromEnemyDeath;ManaGainedFromEnemyDeath1;of Absorption
ManaGainedFromEnemyDeath;ManaGainedFromEnemyDeath;ManaGainedFromEnemyDeath2;of Osmosis
ManaGainedFromEnemyDeath;ManaGainedFromEnemyDeath;ManaGainedFromEnemyDeath3;of Infusion
ManaGainedFromEnemyDeath;ManaGainedFromEnemyDeath;ManaGainedFromEnemyDeath4;of Enveloping
ManaGainedFromEnemyDeath;ManaGainedFromEnemyDeath;ManaGainedFromEnemyDeath5;of Consumption
ManaGainedFromEnemyDeath;ManaGainedFromEnemyDeath;ManaGainedFromEnemyDeath6;of Siphoning
ManaGainedFromEnemyDeath;ManaGainedFromEnemyDeath;ManaGainedFromEnemyDeath7;of Devouring
ManaGainedFromEnemyDeath;ManaGainedFromEnemyDeath;ManaGainedFromEnemyDeath8;of Assimilation
ManaGainedOnKillPercentage;JewelManaonKill;JewelManaonKill;of Osmosis
ManaLeech;ManaLeech;ManaLeech1;of the Thirsty
ManaLeech;ManaLeech;ManaLeech2;of the Parched
ManaLeech;ManaLeech;ManaLeech3;of the Arid
ManaLeech;ManaLeechLocal;ManaLeechLocal2;of the Parched
ManaLeech;ManaLeechLocal;ManaLeechLocal5;of the Desperate
ManaRegeneration;AmuletImplicitManaRegeneration;AmuletImplicitManaRegeneration1;
ManaRegeneration;JewelManaRegeneration;JewelManaRegeneration;of Energy
ManaRegeneration;ManaRegeneration;ManaRegeneration1;of Excitement
ManaRegeneration;ManaRegeneration;ManaRegeneration2;of Joy
ManaRegeneration;ManaRegeneration;ManaRegeneration3;of Elation
ManaRegeneration;ManaRegeneration;ManaRegeneration4;of Bliss
ManaRegeneration;ManaRegeneration;ManaRegeneration5;of Euphoria
ManaRegeneration;ManaRegeneration;ManaRegeneration6;of Nirvana
MapAdditionalStrongbox;TowerAdditionalStrongboxChance;TowerAdditionalStrongboxChance;of Strongboxes
MapDroppedGoldIncrease;MapDroppedGoldIncrease;MapDroppedGoldIncrease2;Bountiful
MapDroppedGoldIncrease;TowerDroppedGoldIncrease;TowerDroppedGoldIncrease1;Bountiful
MapDroppedItemQuantityRarityIncrease;MapDroppedItemQuantityIncrease;MapDroppedItemQuantityIncrease1;Plundering
MapDroppedItemRarityIncrease;MapDroppedItemRarityIncrease;MapDroppedItemRarityIncrease1;Collector's
MapDroppedItemRarityIncrease;TowerDroppedItemRarityIncrease;TowerDroppedItemRarityIncrease1;Collector's
MapDroppedMapsIncrease;TowerMapDroppedMapsIncrease;TowerMapDroppedMapsIncrease;of the Cartographer
MapExperienceGainIncrease;MapExperienceGainIncrease;MapExperienceGainIncrease1;Elevated
MapMagicPackIncrease;MapMagicPackIncrease;MapMagicPackIncrease1;Teeming
MapMagicPackIncrease;TowerMagicPackIncrease;TowerMagicPackIncrease1;Teeming
MapMagicPackSizeIncrease;MapMagicPackSizeIncrease;MapMagicPackSizeIncrease1;Emboldening
MapMonsterColdDamage;MapMonsterDamageAsCold;MapMonsterDamageAsCold3;of Frostbite
MapMonsterCriticalStrikesAndDamage;MapMonsterCritIncrease;MapMonsterCritIncrease2;of Destruction
MapMonsterFast;MapMonsterSpeedIncrease;MapMonsterSpeedIncrease3;of Fleeting
MapMonstersAccuracy;MapMonsterAccuracy;MapMonsterAccuracy3;of Precision
MapMonstersAllResistances;MapMonsterElementalResistances;MapMonsterElementalResistances3;of the Prism
MapMonstersArmourBreak;MapMonsterArmourBreak;MapMonsterArmourBreak3;of Shattering
MapMonstersBaseSelfCriticalMultiplier;MapMonstersBaseSelfCriticalMultiplier;MapMonstersBaseSelfCriticalMultiplier3;of Obstruction
MapMonstersCurseEffectOnSelfFinal;MapMonstersCurseEffectOnSelf;MapMonstersCurseEffectOnSelf1;of the Hexwarded
MapMonstersEvasive;MapMonsterEvasive;MapMonsterEvasive1;of the Blur
MapMonstersStunBuildup;MapMonsterStunBuildup;MapMonsterStunBuildup3;of Impact
MapPackSizeIncrease;MapPackSizeIncrease;MapPackSizeIncrease2;Breeding
MapPackSizeIncrease;TowerPackSizeIncrease;TowerPackSizeIncrease1;Breeding
MapPlayerCooldownRecovery;MapPlayerCooldownRecovery;MapPlayerCooldownRecovery3;of Fatigue
MapPlayerMaxResists;MapPlayerMaximumResists;MapPlayerMaximumResists1;of Exposure
MapPlayersGainReducedFlaskCharges;MapPlayerFlaskChargeGain;MapPlayerFlaskChargeGain3;of Drought
MapPoisoning;MapMonsterPoisoning;MapMonsterPoisoning1;of Venom
MapRareChestCountIncrease;MapRareChestCountIncrease;MapRareChestCountIncrease1;Treasurer's
MapRareMagicPackIncrease;MapMagicRarePackIncrease;MapMagicRarePackIncrease2;Swarming
MapRarePackIncrease;MapRarePackIncrease;MapRarePackIncrease1;Brimming
MapSpreadGroundEffect;MapSpreadBurningGround;MapSpreadBurningGround2;of Flames
MapSpreadGroundEffect;MapSpreadBurningGround;MapSpreadBurningGround3;of Flames
MapSpreadGroundEffect;MapSpreadShockedGround;MapSpreadShockedGround3;of Electricity
MarkDuration;JewelMarkDuration;JewelMarkDuration;of Tracking
MaximumFireResist;JewelMaximumFireResistance;JewelMaximumFireResistance;of the Phoenix
MaximumLifeIncreasePercent;MaximumLifeIncrease;MaximumLifeIncrease1;Hopeful
MaximumLifeIncreasePercent;MaximumLifeIncrease;MaximumLifeIncrease2;Optimistic
MaximumLifeIncreasePercent;MaximumLifeIncrease;MaximumLifeIncrease3;Confident
MaximumLifeIncreasePercent;UniqueMaximumLifeIncrease;UniqueMaximumLifeIncrease7;
MaximumLifeOnKillPercent;JewelLifeonKill;JewelLifeonKill;of Success
MaximumManaIncreasePercent;MaximumManaIncrease;MaximumManaIncrease1;Cognizant
MaximumManaIncreasePercent;MaximumManaIncrease;MaximumManaIncrease2;Perceptive
MaximumManaIncreasePercent;MaximumManaIncrease;MaximumManaIncrease3;Mnemonic
MeleeDamage;JewelMeleeDamage;JewelMeleeDamage;Clashing
MeleeWeaponAndUnarmedRange;QuarterstaffWeaponRange;QuarterstaffWeaponRange1;
MinionAccuracyRating;JewelMinionAccuracy;JewelMinionAccuracy;Training
MinionAttackSpeedAndCastSpeed;JewelMinionAttackandCastSpeed;JewelMinionAttackandCastSpeed;of Orchestration
MinionChaosResistance;JewelMinionChaosResistance;JewelMinionChaosResistance;of Righteousness
MinionCriticalStrikeChance;JewelMinionCriticalChance;JewelMinionCriticalChance;of Marshalling
MinionCriticalStrikeMultiplier;JewelMinionCriticalMultiplier;JewelMinionCriticalMultiplier;of Gripping
MinionDamage;JewelMinionDamage;JewelMinionDamage;Authoritative
MinionElementalResistances;JewelMinionResistances;JewelMinionResistances;of Acclimatisation
MinionLife;JewelMinionLife;JewelMinionLife;Fortuitous
MinionPhysicalDamageReduction;JewelMinionPhysicalDamageReduction;JewelMinionPhysicalDamageReduction;of Confidence
MovementVelocity;JewelMovementSpeed;JewelMovementSpeed;of Speed
MovementVelocity;MovementVelocity;MovementVelocity4;Gazelle's
MovementVelocity;MovementVelocity;MovementVelocity5;Cheetah's
MovementVelocity;MovementVelocity;MovementVelocity6;Hellion's
MovementVelocity;UniqueMovementVelocity;UniqueMovementVelocity10;
MultipleEnchantmentsAllowed;UniqueMultipleAnointments;UniqueMultipleAnointments1;
OfferingLife;JewelOfferingLife;JewelOfferingLife;Sacrificial
OnHitBlindChilledEnemies;UniqueOnHitBlindChilledEnemies;UniqueOnHitBlindChilledEnemies1;
PercentDamageGoesToMana;DamageTakenGainedAsMana;DamageTakenGainedAsMana1;of Reprieve
PercentDamageGoesToMana;DamageTakenGainedAsMana;DamageTakenGainedAsMana2;of Solace
PercentDamageGoesToMana;DamageTakenGainedAsMana;DamageTakenGainedAsMana3;of Tranquility
PercentDamageGoesToMana;DamageTakenGainedAsMana;DamageTakenGainedAsMana4;of Serenity
PhysicalDamage;AddedPhysicalDamage;AddedPhysicalDamage1;Glinting
PhysicalDamage;AddedPhysicalDamage;AddedPhysicalDamage2;Burnished
PhysicalDamage;AddedPhysicalDamage;AddedPhysicalDamage3;Polished
PhysicalDamage;AddedPhysicalDamage;AddedPhysicalDamage4;Honed
PhysicalDamage;AddedPhysicalDamage;AddedPhysicalDamage5;Gleaming
PhysicalDamage;AddedPhysicalDamage;AddedPhysicalDamage6;Annealed
PhysicalDamage;AddedPhysicalDamage;AddedPhysicalDamage7;Razor-sharp
PhysicalDamage;AddedPhysicalDamage;AddedPhysicalDamage8;Tempered
PhysicalDamage;AddedPhysicalDamage;AddedPhysicalDamage9;Flaring
PhysicalDamage;LocalAddedPhysicalDamageTwoHand;LocalAddedPhysicalDamageTwoHand3;Polished
PhysicalDamage;LocalAddedPhysicalDamageTwoHand;LocalAddedPhysicalDamageTwoHand5;Gleaming
PhysicalDamage;LocalAddedPhysicalDamageTwoHand;LocalAddedPhysicalDamageTwoHand6;Annealed
PhysicalDamage;LocalAddedPhysicalDamageTwoHand;LocalAddedPhysicalDamageTwoHand7;Razor-sharp
PhysicalDamage;LocalAddedPhysicalDamageTwoHand;LocalAddedPhysicalDamageTwoHand9;Flaring
PhysicalDamage;RingImplicitPhysicalDamage;RingImplicitPhysicalDamage1;
PhysicalDamagePercent;JewelPhysicalDamage;JewelPhysicalDamage;Sharpened
PhysicalDamagePin;UniquePhysicalDamagePin;UniquePhysicalDamagePin1;
PinBuildup;JewelPinBuildup;JewelPinBuildup;of Pinning
PoisonChanceIncrease;JewelPoisonChance;JewelPoisonChance;of Poisoning
PoisonEffect;JewelPoisonDamage;JewelPoisonDamage;Venomous
ProjectileDamage;JewelProjectileDamage;JewelProjectileDamage;Archer's
ProjectileSpeed;CrossbowImplicitBoltSpeed;CrossbowImplicitBoltSpeed1;
ProjectileSpeed;JewelProjectileSpeed;JewelProjectileSpeed;Soaring
QuarterstaffFreezeBuildup;JewelQuarterstaffFreezeBuildup;JewelQuarterstaffFreezeBuildup;of Glaciers
RageOnHit;JewelRageonHit;JewelRageonHit;of Raging
ReducedAilmentDuration;ReducedBleedDuration;ReducedBleedDuration4;of Assuaging
ReducedAilmentDuration;ReducedFreezeDuration;ReducedFreezeDuration4;of the Temperate
SacrificeLifeToGainES;UniqueSacrificeLifeToGainEnergyShield;UniqueSacrificeLifeToGainEnergyShield1;
SanctumBossIncreasedDamageTaken;SanctumBossIncreasedDamageTaken;SanctumBossIncreasedDamageTaken2;Usurper's
SanctumBossReducedDamage;SanctumBossReducedDamage;SanctumBossReducedDamage1;Aegis
SanctumFountainDoubleGoldChance;SanctumFountainDoubleGoldChance;SanctumFountainDoubleGoldChance1;of Flowing
SanctumGuardsIncreasedDamageTaken;SanctumGuardsIncreasedDamageTaken;SanctumGuardsIncreasedDamageTaken2;Violator's
SanctumMaximumLife;SanctumMaximumLife;SanctumMaximumLife1;Steadfast
SanctumMaximumResolveOnBossKill;SanctumRestoreHonourOnBossKill;SanctumRestoreHonourOnBossKill1;of Empowerment
SanctumMaximumResolveOnFountainUse;SanctumRestoreHonourOnFountainUse;SanctumRestoreHonourOnFountainUse1;of Refreshment
SanctumRevealExtraRoomEachFloor;SanctumRevealExtraRoomEachFloor;SanctumRevealExtraRoomEachFloor2;of Clairvoyance
SanctumTrapDamage;SanctumReducedTrapDamage;SanctumReducedTrapDamage1;Light-footed
ShieldArmourIncrease;JewelShieldDefences;JewelShieldDefences;Shielding
ShockChanceIncrease;JewelShockChance;JewelShockChance;of Shocking
ShockChanceIncrease;ShockChanceIncrease;ShockChanceIncrease4;of Voltages
ShockDuration;JewelShockDuration;JewelShockDuration;of Paralyzing
ShockEffect;JewelShockEffect;JewelShockEffect;Jolting
SkillEffectDuration;JewelIncreasedDuration;JewelIncreasedDuration;of Lengthening
SlowPotency;BodyArmourImplicitSlowPotency;BodyArmourImplicitSlowPotency1;
SlowPotency;JewelSlowEffectOnSelf;JewelSlowEffectOnSelf;of Hastening
SpecificWeaponAccuracy;JewelBowAccuracyRating;JewelBowAccuracyRating;Precise
SpecificWeaponDamage;JewelBowDamage;JewelBowDamage;Perforating
SpecificWeaponDamage;JewelMaceDamage;JewelMaceDamage;Beating
SpecificWeaponDamage;JewelQuarterstaffDamage;JewelQuarterstaffDamage;Monk's
SpecificWeaponSpeed;JewelBowSpeed;JewelBowSpeed;of Nocking
SpecificWeaponSpeed;JewelQuarterstaffSpeed;JewelQuarterstaffSpeed;of Sequencing
SpellCriticalStrikeChanceIncrease;JewelSpellCriticalChance;JewelSpellCriticalChance;of Annihilating
SpellCriticalStrikeChanceIncrease;SpellCriticalStrikeChance;SpellCriticalStrikeChance3;of Disaster
SpellDamage;SpellDamage;SpellDamage1;Apprentice's
SpellDamage;SpellDamage;SpellDamage2;Adept's
SpellDamage;SpellDamage;SpellDamage3;Scholar's
SpellDamage;SpellDamage;SpellDamage4;Professor's
SpellDamage;SpellDamage;SpellDamage5;Occultist's
SpellDamage;SpellDamage;SpellDamage6;Incanter's
SpellDamageAndMana;SpellDamageAndManaOnWeapon;SpellDamageAndManaOnWeapon5;Mage's
Strength;AmuletImplicitStrength;AmuletImplicitStrength1;
Strength;CorruptionJewelStrength;CorruptionJewelStrength1;
Strength;CorruptionStrength;CorruptionStrength1;
Strength;Strength;Strength1;of the Brute
Strength;Strength;Strength2;of the Wrestler
Strength;Strength;Strength3;of the Bear
Strength;Strength;Strength4;of the Lion
Strength;Strength;Strength5;of the Gorilla
Strength;Strength;Strength6;of the Goliath
Strength;Strength;Strength7;of the Leviathan
Strength;Strength;Strength8;of the Titan
Strength;UniqueStrength;UniqueStrength27;
StunDamageIncrease;JewelStunBuildup;JewelStunBuildup;of Stunning
StunDamageIncrease;StunDamageIncrease;StunDamageIncrease3;of the Boxer
StunDamageIncrease;StunDamageIncrease;StunDamageIncrease6;of the Champion
StunDurationIncreasePercent;StunDuration;StunDuration1;of Impact
StunThreshold;StunThreshold;StunThreshold10;of Obsidian Skin
StunThreshold;StunThreshold;StunThreshold4;of Iron Skin
StunThreshold;StunThreshold;StunThreshold5;of Steel Skin
StunThresholdfromEnergyShield;JewelStunThresholdfromEnergyShield;JewelStunThresholdfromEnergyShield;of Barriers
SummonTotemCastSpeed;JewelTotemPlacementSpeed;JewelTotemPlacementSpeed;of Ancestry
Thorns;AttackerTakesDamage;AttackerTakesDamage4;Pointed
Thorns;AttackerTakesDamage;AttackerTakesDamage5;Spiked
Thorns;JewelThorns;JewelThorns;Retaliating
TotemDamage;JewelTotemDamage;JewelTotemDamage;Shaman's
TowerAddContent;TowerAddDeliriumToMapsImplicit;TowerAddDeliriumToMapsImplicit;
TowerAddContent;TowerAddIrradiatedToMapsImplicit;TowerAddIrradiatedToMapsImplicit;
UltimatimMapDownsideModifier;UltimatumMapPlayerCurses;UltimatumMapPlayerCurses;of Hexing
UltimatumWagerType;UltimatumWagerCurrencyUpgradeMagicToRare;UltimatumWagerCurrencyUpgradeMagicToRare;Regal
WarcryCooldownSpeed;JewelWarcryCooldown;JewelWarcryCooldown;of Rallying
WarcrySpeed;JewelWarcrySpeed;JewelWarcrySpeed;of Lungs
WeaponCasterDamagePrefix;JewelSpellDamage;JewelSpellDamage;Mystic
WeaponDamageTypePrefix;ChaosDamagePrefixOnWeapon;ChaosDamagePrefixOnWeapon1;Impure
WeaponDamageTypePrefix;ChaosDamagePrefixOnWeapon;ChaosDamagePrefixOnWeapon5;Malignant
WeaponDamageTypePrefix;FireDamagePrefixOnTwoHandWeapon;FireDamagePrefixOnTwoHandWeapon8_;Pyromancer's
WeaponDamageTypePrefix;LightningDamagePrefixOnTwoHandWeapon;LightningDamagePrefixOnTwoHandWeapon3;Bolting
WeaponSwapSpeed;JewelWeaponSwapSpeed;JewelWeaponSwapSpeed;of Swapping
